id,first_name,last_name,email,gender,state,city
1,Zelig,Catterell,zcatterell0@surveymonkey.com,Male,,Cheban
2,Oralla,Stapells,ostapells1@spiegel.de,Female,,Boca de Uchire
3,Abba,Gaspero,agaspero2@unblog.fr,Male,Västra Götaland,Lidköping
4,Raffaello,O'Connor,roconnor3@xing.com,Male,,Cova Figueira
5,Prescott,Sewill,psewill4@weibo.com,Male,,Centar Župa
6,Ivette,Ginnell,iginnell5@nbcnews.com,Female,San Luis Potosi,Infonavit
7,Anabal,Yurikov,ayurikov6@stumbleupon.com,Polygender,,Bella Vista
8,Monro,McClenaghan,mmcclenaghan7@eventbrite.com,Male,,Huangzhawan
9,Jemmie,Gosart,jgosart8@harvard.edu,Female,,Rybnoye
10,Phillipp,Madgwich,pmadgwich9@php.net,Male,,Kangin
11,Marsh,Kaveney,mkaveneya@dot.gov,Male,,Edineţ
12,Rem,O'Kenny,rokennyb@blogs.com,Male,,Boncis
13,Raul,Folkerts,rfolkertsc@cisco.com,Male,,Sâmraông
14,Rosy,Bruun,rbruund@epa.gov,Female,,Kisoro
15,Hobey,Basnett,hbasnette@usatoday.com,Male,,Yangxiang
16,Conny,Stockow,cstockowf@dyndns.org,Male,Guyane,Kourou
17,Gleda,Hehl,ghehlg@ask.com,Female,North Carolina,Charlotte
18,Dalt,Loades,dloadesh@mac.com,Male,,Feodosiya
19,Gavan,Boar,gboari@edublogs.org,Polygender,,Mboto
20,Vidovik,Korlat,vkorlatj@guardian.co.uk,Male,,Rzeszów
21,Doralynne,Karpman,dkarpmank@newsvine.com,Female,,Klimontów
22,Brit,Gurrado,bgurradol@theguardian.com,Female,,Góra Kalwaria
23,Durward,Mila,dmilam@tumblr.com,Male,,Ciawi
24,Junina,Brigstock,jbrigstockn@globo.com,Female,,Villamaría
25,Ina,Laidler,ilaidlero@ebay.com,Female,,Portorož
26,Salomi,Caselli,scasellip@usgs.gov,Female,,Santa Maria
27,Brier,Hallsworth,bhallsworthq@vimeo.com,Female,,Xibu
28,Lotty,Mixworthy,lmixworthyr@tamu.edu,Female,,Ijuí
29,Hedwiga,Barrable,hbarrables@biblegateway.com,Female,,Primorsko
30,Korrie,Heakins,kheakinst@1688.com,Female,Kuala Lumpur,Kuala Lumpur
31,Wendie,Grinikhinov,wgrinikhinovu@angelfire.com,Female,,Sieniawa Żarska
32,Regen,Bercher,rbercherv@economist.com,Male,,Zhijin
33,Gerrilee,Moggach,gmoggachw@utexas.edu,Female,,Vawkavysk
34,Karena,McGiff,kmcgiffx@fc2.com,Female,Michoacan De Ocampo,La Palma
35,Cristal,MacColgan,cmaccolgany@smugmug.com,Genderqueer,,Sindangbarang
36,Helena,Challoner,hchallonerz@house.gov,Female,,Sugiharjo
37,Janenna,Danzey,jdanzey10@deliciousdays.com,Female,,Alabat
38,Phineas,Squibe,psquibe11@hhs.gov,Agender,,General Galarza
39,Drusi,Cella,dcella12@opensource.org,Female,Île-de-France,Issy-les-Moulineaux
40,Holly,McInteer,hmcinteer13@opera.com,Female,Santarém,Bicas
41,Holli,Tomkins,htomkins14@discuz.net,Female,Provincie Zuid-Holland,Leiden
42,Salli,Fenning,sfenning15@mediafire.com,Female,,Sigayevo
43,Bernarr,Addekin,baddekin16@issuu.com,Male,Scotland,Kinloch
44,D'arcy,Westwell,dwestwell17@cornell.edu,Male,,Bagamoyo
45,Rycca,Ferrarone,rferrarone18@altervista.org,Female,,Tha Ruea
46,Beaufort,de Verson,bdeverson19@nps.gov,Male,,Yangzhuang
47,Anet,Cuttings,acuttings1a@home.pl,Female,,Uchaly
48,Malynda,O'Deegan,modeegan1b@gov.uk,Female,Skåne,Ängelholm
49,Willa,Cannan,wcannan1c@360.cn,Female,,Fanzhen
50,Claudell,Carrodus,ccarrodus1d@google.es,Polygender,Stockholm,Danderyd
51,Tarrance,Glen,tglen1e@hatena.ne.jp,Male,Oslo,Oslo
52,Mac,Slesser,mslesser1f@baidu.com,Male,,Hovd
53,Bibbye,Gridon,bgridon1g@goo.gl,Female,,Chmielno
54,Rebe,Sighard,rsighard1h@privacy.gov.au,Female,,Malkā
55,Sunny,Chinnock,schinnock1i@networksolutions.com,Male,,Delgermörön
56,Carlita,Auton,cauton1j@oracle.com,Female,,Potosí
57,Calvin,Carman,ccarman1k@merriam-webster.com,Male,,Ojiya
58,Liva,Rennox,lrennox1l@biblegateway.com,Female,,Xifangcheng
59,Gregory,Wille,gwille1m@ask.com,Genderqueer,,Aryiropoúlion
60,Ruthie,Brogan,rbrogan1n@instagram.com,Female,,Syntul
61,Moyra,Gouck,mgouck1o@domainmarket.com,Female,Ontario,Niagara Falls
62,Mahmoud,Todeo,mtodeo1p@engadget.com,Male,,Anding
63,Camey,Rowntree,crowntree1q@histats.com,Male,,Huaqiao
64,Rianon,Dudney,rdudney1r@youtube.com,Female,,Xhafzotaj
65,Angeli,Stanner,astanner1s@ning.com,Male,Texas,Houston
66,Cornie,Loos,cloos1t@imdb.com,Male,,Al Mazra‘ah ash Sharqīyah
67,Vonny,Jauncey,vjauncey1u@shutterfly.com,Female,,Qal‘eh-ye Khvājeh
68,Genny,Birkinshaw,gbirkinshaw1v@ox.ac.uk,Female,Stockholm,Bromma
69,Keelia,Butten,kbutten1w@edublogs.org,Female,Västra Götaland,Göteborg
70,Giuditta,Farish,gfarish1x@baidu.com,Female,,Estique
71,Conny,Rappoport,crappoport1y@tinyurl.com,Male,,Dom Pedro
72,Hilly,Brocklebank,hbrocklebank1z@hp.com,Male,,Sindangsari
73,Sande,Reynolds,sreynolds20@boston.com,Bigender,,Sombor
74,Cullin,Dunsire,cdunsire21@lulu.com,Male,,Remas
75,Beulah,Haker,bhaker22@unicef.org,Female,,Farkhor
76,Alberta,Allam,aallam23@spotify.com,Female,,Sukasari
77,Egon,Alltimes,ealltimes24@hp.com,Male,Braga,Gémeos
78,Clarke,MacGinney,cmacginney25@bloglovin.com,Male,Uppsala,Tierp
79,Murvyn,Romanet,mromanet26@cpanel.net,Agender,,Miętne
80,Kimberly,Siward,ksiward27@hatena.ne.jp,Agender,,Danzao
81,Roi,Huckle,rhuckle28@vistaprint.com,Male,,Keta
82,Jarib,California,jcalifornia29@google.com.au,Male,,Thị Trấn Mường Tè
83,Kathrine,Locksley,klocksley2a@amazon.co.uk,Female,,Karditsomagoúla
84,Darius,Terrington,dterrington2b@sohu.com,Male,,Vlachovice
85,Rayshell,Bitterton,rbitterton2c@linkedin.com,Female,,Nuevo Arraiján
86,Berke,Posvner,bposvner2d@archive.org,Male,,Mboto
87,Carroll,Walkling,cwalkling2e@hugedomains.com,Female,,Brody
88,Dex,Hamflett,dhamflett2f@acquirethisname.com,Male,,Muting
89,Lucienne,Braid,lbraid2g@cbslocal.com,Genderfluid,,Milanówek
90,Ingra,Moorton,imoorton2h@dedecms.com,Male,,Stare Miasto
91,Latia,Oakenfull,loakenfull2i@blogger.com,Female,,Lieksa
92,Elly,Whiterod,ewhiterod2j@webnode.com,Polygender,,Vyshchetarasivka
93,Granthem,Winterbotham,gwinterbotham2k@netlog.com,Male,,Kamiichi
94,Zebedee,Utting,zutting2l@oracle.com,Male,,Ogawa
95,Orland,Laterza,olaterza2m@wisc.edu,Male,,Zhaoxian
96,Genevra,Kefford,gkefford2n@theglobeandmail.com,Female,,Irtyshskiy
97,Sherlocke,Goulder,sgoulder2o@symantec.com,Male,,Armash
98,Kennie,Hanford,khanford2p@zdnet.com,Male,,Descalvado
99,Chickie,Theodoris,ctheodoris2q@ezinearticles.com,Male,,Salta
100,Adelle,Rathjen,arathjen2r@nymag.com,Female,,Wenbi
101,Emili,Porritt,eporritt2s@xinhuanet.com,Female,,Santa Monica
102,Sheffie,felip,sfelip2t@ucsd.edu,Male,,Sājūr
103,Dorena,Meredith,dmeredith2u@irs.gov,Female,,Vievis
104,Rochester,Hug,rhug2v@latimes.com,Male,Braga,Eirado
105,Laurel,Janca,ljanca2w@theguardian.com,Female,,Novyye Cherëmushki
106,Theda,Eke,teke2x@fda.gov,Female,,Bzou
107,Abeu,Binford,abinford2y@networksolutions.com,Male,,Qaţanah
108,Leupold,Udall,ludall2z@artisteer.com,Male,,Karanganyar
109,Faulkner,Alty,falty30@theatlantic.com,Male,,Nyuksenitsa
110,Henrietta,Hazelhurst,hhazelhurst31@buzzfeed.com,Female,,Matou
111,Kev,Nana,knana32@cloudflare.com,Male,,Chengguan
112,Angie,Anster,aanster33@washingtonpost.com,Male,,Caicó
113,Blondelle,Stalf,bstalf34@nature.com,Female,,Cartí Suitupo
114,Joellyn,Heatly,jheatly35@vistaprint.com,Genderfluid,,Sangke
115,Tudor,Golsby,tgolsby36@zdnet.com,Bigender,,Legen
116,Dwain,Chisnall,dchisnall37@huffingtonpost.com,Male,,Ryazan’
117,Olenka,Mulloch,omulloch38@ifeng.com,Female,,Sơn Trà
118,Dody,Gain,dgain39@gnu.org,Female,,Yirga ‘Alem
119,Latashia,Judron,ljudron3a@hao123.com,Female,,Izobil’nyy
120,Jemmie,Robet,jrobet3b@topsy.com,Female,,Sionogan
121,Si,Baldinotti,sbaldinotti3c@nps.gov,Male,,Pasian
122,Sallyann,Hafner,shafner3d@sphinn.com,Female,Nord-Pas-de-Calais,Lomme
123,Ives,Blaschek,iblaschek3e@spiegel.de,Male,,Mīrwāh Gorchani
124,Lon,Bowyer,lbowyer3f@google.com.hk,Male,,Quelimane
125,Jone,Saunier,jsaunier3g@yolasite.com,Male,,Muḩradah
126,Amii,Barribal,abarribal3h@privacy.gov.au,Female,,Ourovéni
127,Vicki,Bean,vbean3i@cisco.com,Female,,Nagasaki-shi
128,Georgianna,Studdard,gstuddard3j@msu.edu,Female,,Vichuga
129,Joachim,Filoniere,jfiloniere3k@fc2.com,Male,,Krasnolesnyy
130,Mavis,Goodship,mgoodship3l@vk.com,Female,,Karak City
131,Cherida,Gullane,cgullane3m@bbc.co.uk,Female,,Jiuting
132,Bobina,Handscomb,bhandscomb3n@infoseek.co.jp,Female,,Qiaolin
133,Ingra,Etty,ietty3o@census.gov,Male,,Taling
134,Rhonda,Pashley,rpashley3p@plala.or.jp,Female,,Ambo Village
135,Baxter,King,bking3q@goodreads.com,Male,,Marelesu
136,Dody,Sealeaf,dsealeaf3r@squarespace.com,Female,,Nanyang
137,Gayleen,Poynter,gpoynter3s@is.gd,Female,,Travesía
138,Minnnie,Simonian,msimonian3t@deliciousdays.com,Female,,Santo Tomé
139,Davidson,Eveque,deveque3u@phpbb.com,Male,,Xi’an
140,Orin,Cahillane,ocahillane3v@constantcontact.com,Male,Centre,Orléans
141,Deeanne,Farherty,dfarherty3w@wikia.com,Female,,Lokorae
142,Bamby,Robus,brobus3x@cpanel.net,Female,Île-de-France,Choisy-le-Roi
143,Brennan,Smittoune,bsmittoune3y@webs.com,Male,,Bāglung
144,Lilly,Merali,lmerali3z@webs.com,Female,Alberta,Fox Creek
145,Lexi,Lissandre,llissandre40@newsvine.com,Female,,Weitang
146,Nate,Wherry,nwherry41@123-reg.co.uk,Male,,Santa Rosa del Sara
147,Karlen,Pavia,kpavia42@army.mil,Female,,Stanišić
148,Lorie,Mapham,lmapham43@sourceforge.net,Female,,Huzhuang
149,Nickola,Wastell,nwastell44@taobao.com,Male,,Nhà Bàng
150,Mychal,Pentecost,mpentecost45@sohu.com,Male,,Capellanía
151,Sophia,Hawney,shawney46@twitpic.com,Female,,Kemijärvi
152,Eddy,Faux,efaux47@cdbaby.com,Male,,Karangsari
153,Brock,Shrigley,bshrigley48@rambler.ru,Bigender,Île-de-France,Issy-les-Moulineaux
154,Tobias,Renfield,trenfield49@mit.edu,Male,England,London
155,Stephannie,Aleksandrov,saleksandrov4a@spotify.com,Female,,Zhanghua
156,Zia,Doggrell,zdoggrell4b@intel.com,Female,Massachusetts,Boston
157,Wren,Brownsword,wbrownsword4c@surveymonkey.com,Female,Beja,Ferreira do Alentejo
158,Delores,Boltwood,dboltwood4d@sogou.com,Female,,Barra do Piraí
159,Clotilda,Onians,conians4e@e-recht24.de,Female,,Tais
160,Brook,Mabson,bmabson4f@unicef.org,Female,,Barrancas
161,Twyla,Broadbury,tbroadbury4g@ca.gov,Female,,Kugri
162,Markus,Pendlington,mpendlington4h@sakura.ne.jp,Male,,Mojorejo
163,Ced,Aland,caland4i@pagesperso-orange.fr,Male,,Punta Hermosa
164,Fraze,Ullyott,fullyott4j@uiuc.edu,Polygender,,Ligonggang
165,Francesca,Baert,fbaert4k@google.co.jp,Female,,Esperanza
166,Sherry,Speers,sspeers4l@cbc.ca,Female,,Yimamu
167,Sabine,Cormack,scormack4m@friendfeed.com,Female,Languedoc-Roussillon,Castelnaudary
168,Raine,Emloch,remloch4n@php.net,Female,,Maliq
169,Milly,Wager,mwager4o@army.mil,Female,,Angkahgede
170,Flemming,Tilliards,ftilliards4p@slideshare.net,Agender,Lisboa,Baratã
171,Valeria,Jerrams,vjerrams4q@ask.com,Female,,Warmare
172,Vivyanne,Stilwell,vstilwell4r@webmd.com,Female,,Bessonovka
173,Maison,Atley,matley4s@exblog.jp,Male,,Fūman
174,Prisca,Redgate,predgate4t@amazon.com,Female,,Xilaiqiao
175,Blithe,Escolme,bescolme4u@de.vu,Female,,Quilmaná
176,Alley,Niemiec,aniemiec4v@nba.com,Male,,Junik
177,Kristi,Jain,kjain4w@google.com.hk,Female,,San Pedro de Atacama
178,Michelina,Moorhouse,mmoorhouse4x@histats.com,Female,,Nyima
179,Lana,Peete,lpeete4y@bloglovin.com,Female,,Nanjiao
180,Manolo,Fernehough,mfernehough4z@cloudflare.com,Male,,Krasnapollye
181,Alic,Wrightam,awrightam50@hud.gov,Male,,Rzyki
182,Lonna,Tows,ltows51@stumbleupon.com,Female,,Ganjiachang
183,Kelcie,Rickman,krickman52@home.pl,Female,Andalucia,Malaga
184,Kimmy,Woodman,kwoodman53@qq.com,Female,Virginia,Roanoke
185,Aliza,Scoggan,ascoggan54@buzzfeed.com,Female,,Balas
186,Ardyth,Durn,adurn55@mozilla.org,Female,California,Fresno
187,Tresa,Doyland,tdoyland56@yahoo.co.jp,Female,,Yixingfu
188,Jamima,Donati,jdonati57@networksolutions.com,Genderfluid,California,San Diego
189,Leif,Samber,lsamber58@spotify.com,Male,,Tanggu
190,Krystyna,Seawright,kseawright59@github.io,Female,,Oibioin
191,Luce,Porte,lporte5a@flickr.com,Female,Île-de-France,Nogent-sur-Marne
192,Sisely,Libbis,slibbis5b@macromedia.com,Female,,Santa Catalina
193,Arlen,Narbett,anarbett5c@boston.com,Male,,Despotovac
194,Goddard,Brainsby,gbrainsby5d@prweb.com,Male,,Pericik
195,Keane,Ciobotaro,kciobotaro5e@yellowbook.com,Male,,Woto
196,Zollie,Frondt,zfrondt5f@samsung.com,Male,,Gubukjero Timuk
197,Isidor,Riepl,iriepl5g@youtube.com,Male,,Orlová
198,Eldin,Dexter,edexter5h@scientificamerican.com,Male,,Yuta
199,Vivianne,Ridewood,vridewood5i@army.mil,Female,,Azua
200,Rourke,Tym,rtym5j@skype.com,Male,,Shanxiahu
201,Ginni,Stenett,gstenett5k@slate.com,Female,,Yaté-Barrage
202,Cinda,Sorey,csorey5l@netvibes.com,Female,,Salingogan
203,Gal,Beaufoy,gbeaufoy5m@jalbum.net,Male,,Xikou
204,Linzy,O' Reagan,loreagan5n@imgur.com,Female,Arizona,Phoenix
205,Jasun,Dixcee,jdixcee5o@fema.gov,Male,Leiria,Casal Novo
206,Nari,Meneghelli,nmeneghelli5p@newyorker.com,Female,,Łapczyca
207,Cornelle,Wabey,cwabey5q@reddit.com,Female,,Komatsu
208,Liliane,Penticost,lpenticost5r@opensource.org,Female,,Madruga
209,Sergei,Colbran,scolbran5s@bbc.co.uk,Agender,,Bagombong
210,Stephi,Wherry,swherry5t@over-blog.com,Female,,Shuiyang
211,Darda,Simonin,dsimonin5u@lulu.com,Female,,Lirang
212,Roxy,Lugsdin,rlugsdin5v@acquirethisname.com,Female,,Kertasari
213,Constantine,Asquez,casquez5w@google.pl,Female,Illinois,Chicago
214,Neille,Saurat,nsaurat5x@barnesandnoble.com,Genderfluid,Lisboa,Carregado
215,Cacilie,Ralfe,cralfe5y@feedburner.com,Female,,Volkhovskiy
216,Gisele,Entwhistle,gentwhistle5z@yandex.ru,Female,,Matala
217,Brena,Greystoke,bgreystoke60@wp.com,Female,Michoacan De Ocampo,Ojo de Agua
218,Davide,Joerning,djoerning61@chicagotribune.com,Male,,Mata de São João
219,Nat,Darrel,ndarrel62@gravatar.com,Female,,Tomsk
220,Noah,Ahlf,nahlf63@elegantthemes.com,Male,,Kotabaru
221,Nikolai,Whitwood,nwhitwood64@ask.com,Male,,Aoqian
222,Hyacinthe,Sellen,hsellen65@hud.gov,Female,Perlis,Kangar
223,Hendrik,Rother,hrother66@symantec.com,Male,Kalmar,Västervik
224,Sapphira,Knappett,sknappett67@princeton.edu,Genderqueer,,Arraial do Cabo
225,Daffy,Livsey,dlivsey68@phoca.cz,Female,,Bulawayo
226,Sibelle,Dessaur,sdessaur69@myspace.com,Female,,Jihui
227,Mycah,Scobbie,mscobbie6a@mail.ru,Male,,Bantar
228,Mervin,McKeating,mmckeating6b@theglobeandmail.com,Male,,Kholmsk
229,Gwendolin,Rihosek,grihosek6c@alexa.com,Female,,Pallanchacra
230,Graeme,Greenless,ggreenless6d@icq.com,Male,,Porkhov
231,Eliot,Petrasek,epetrasek6e@miitbeian.gov.cn,Male,,Maopingchang
232,Ami,Esler,aesler6f@yolasite.com,Female,,Cubará
233,Wendall,Byrcher,wbyrcher6g@youku.com,Male,,Dziadkowice
234,Josephina,Aery,jaery6h@mapy.cz,Female,,Kotri
235,Robbi,Stallion,rstallion6i@youtube.com,Female,Colorado,Denver
236,Susi,Wassung,swassung6j@ameblo.jp,Female,,Darnah
237,Clarke,Hurles,churles6k@census.gov,Male,,Qutqashen
238,Nannie,Cutill,ncutill6l@mit.edu,Female,,Secunda
239,Therine,Gunton,tgunton6m@home.pl,Female,,Balgarevo
240,Bret,Ditty,bditty6n@microsoft.com,Male,,Balatero
241,Wandie,Trace,wtrace6o@timesonline.co.uk,Female,,Sindangraja
242,Smith,Rydzynski,srydzynski6p@elegantthemes.com,Agender,,Juyuan
243,Estrellita,Drohan,edrohan6q@virginia.edu,Bigender,,Songjiang
244,Gualterio,Heinemann,gheinemann6r@washingtonpost.com,Male,Texas,Austin
245,Marchelle,Fann,mfann6s@go.com,Female,Halland,Kungsbacka
246,Myron,Mac Geaney,mmacgeaney6t@hibu.com,Male,,Sobinka
247,Engelbert,Rapa,erapa6u@wiley.com,Male,,Pasirmanggu
248,Babbette,Jiggins,bjiggins6v@amazon.co.uk,Female,,Cempaka
249,Alphard,Dunsire,adunsire6w@stanford.edu,Male,Cataluna,Sabadell
250,Zebadiah,Lapidus,zlapidus6x@ow.ly,Male,,Mungkin
251,Otto,Gorey,ogorey6y@webnode.com,Genderqueer,,Zhukovskiy
252,Ford,Yakobovicz,fyakobovicz6z@over-blog.com,Male,,Ārt Khwājah
253,Janie,Headley,jheadley70@tamu.edu,Female,,Borino
254,Birdie,Beretta,bberetta71@wordpress.org,Female,,Raszczyce
255,Winifred,Vignal,wvignal72@flickr.com,Female,,Xiaoshan
256,Broddie,Agius,bagius73@posterous.com,Male,,San Antonio de los Cobres
257,Cahra,Sier,csier74@lulu.com,Female,,Cầu Giấy
258,Ced,Castellani,ccastellani75@pcworld.com,Male,,Trzin
259,Shepherd,Mix,smix76@google.com.au,Male,,Takayama
260,Wallache,Towse,wtowse77@yandex.ru,Male,,Mekarjaya
261,Stevy,Sawday,ssawday78@oaic.gov.au,Male,,Bukabu
262,Leslie,Farington,lfarington79@huffingtonpost.com,Genderqueer,Lisboa,Azenhas do Mar
263,Jordan,DeSousa,jdesousa7a@upenn.edu,Polygender,,Shanhe
264,Babbie,Road,broad7b@java.com,Female,,Wichian Buri
265,Myra,Derrick,mderrick7c@ow.ly,Female,,Yezhou
266,Patience,Dashper,pdashper7d@symantec.com,Female,,Shamva
267,Abelard,Moon,amoon7e@businessweek.com,Male,,Đình Lập
268,Robby,Denge,rdenge7f@ucoz.ru,Male,,Fengle
269,Gertrudis,Motton,gmotton7g@dell.com,Female,,Sendung
270,Dorine,Duchesne,dduchesne7h@gov.uk,Female,,Bloemfontein
271,Derick,Flockhart,dflockhart7i@163.com,Genderqueer,,Wenfu
272,Walsh,Channing,wchanning7j@quantcast.com,Male,Oaxaca,La Soledad
273,Anatol,Younge,ayounge7k@ihg.com,Male,,Podstrana
274,Penny,Furbank,pfurbank7l@ox.ac.uk,Female,Poitou-Charentes,La Rochelle
275,Laney,Latey,llatey7m@dagondesign.com,Male,,Jengglungharjo
276,Leona,Drewitt,ldrewitt7n@miibeian.gov.cn,Female,,Tuamese
277,Hilary,Krysiak,hkrysiak7o@issuu.com,Female,,Safakulevo
278,Wrennie,Barnewelle,wbarnewelle7p@usda.gov,Female,,Arias
279,Arnie,Stabbins,astabbins7q@amazon.com,Male,,Iiyama
280,Theda,Munslow,tmunslow7r@hud.gov,Female,Rhône-Alpes,Lyon
281,Wilone,Gonsalvo,wgonsalvo7s@prweb.com,Female,,Ciudad Ojeda
282,Maje,MacBey,mmacbey7t@comsenz.com,Non-binary,,Ngô Đồng
283,Reilly,Sneddon,rsneddon7u@cafepress.com,Male,Bourgogne,Dijon
284,Kermy,Nekrews,knekrews7v@eventbrite.com,Male,Tamaulipas,Azteca
285,Shirlee,Hutcheon,shutcheon7w@nasa.gov,Female,Viana do Castelo,Arroteia
286,Travis,Seebert,tseebert7x@slideshare.net,Male,,Yushugou
287,Sherye,Collerd,scollerd7y@aol.com,Female,,Sidikalang
288,Munmro,Chapell,mchapell7z@ucoz.ru,Male,,Thành Phố Bà Rịa
289,Anthea,Gouch,agouch80@issuu.com,Female,,Anju
290,Levey,Wallbridge,lwallbridge81@taobao.com,Male,,Chenjiatan
291,Zabrina,Geyton,zgeyton82@tinyurl.com,Female,,Wuyang
292,Junina,Pinckstone,jpinckstone83@nydailynews.com,Female,,Bangelan
293,Fabio,Itzkov,fitzkov84@ft.com,Male,,Boleszkowice
294,Cristal,Crabb,ccrabb85@simplemachines.org,Female,,Broby
295,Ermina,Baxendale,ebaxendale86@dagondesign.com,Female,,Tucuran
296,Minnie,Robyns,mrobyns87@craigslist.org,Female,,Zhongchao
297,Lammond,Ramsby,lramsby88@who.int,Male,,Shigutang
298,Merrily,Fishlee,mfishlee89@cnet.com,Female,,Sobienie Jeziory
299,Godfry,Sibbs,gsibbs8a@wikipedia.org,Male,,Curuzú Cuatiá
300,Roarke,Fraschetti,rfraschetti8b@dion.ne.jp,Male,,Marigot
301,Holden,Rubery,hrubery8c@scribd.com,Male,Västernorrland,Sollefteå
302,Amy,Rosengren,arosengren8d@themeforest.net,Genderqueer,,Santo Estêvão
303,Armstrong,Standall,astandall8e@wufoo.com,Male,,Eenhana
304,Ad,Wurz,awurz8f@icq.com,Male,,Azacualpa
305,Raleigh,Eitter,reitter8g@fda.gov,Male,,Mỹ Thọ
306,Hamil,Jelly,hjelly8h@home.pl,Male,,Longxi
307,Hillard,Cresswell,hcresswell8i@amazon.co.jp,Male,,Lago da Pedra
308,Jennifer,Langrick,jlangrick8j@mlb.com,Female,Veracruz Llave,La Concepcion
309,Deedee,Warbey,dwarbey8k@unesco.org,Female,,Ballina
310,Carling,Poppleton,cpoppleton8l@alexa.com,Male,Budapest,Budapest
311,Lena,Morewood,lmorewood8m@seattletimes.com,Genderqueer,,Sirnasari
312,Winnie,Mishow,wmishow8n@toplist.cz,Female,,Ekenäs
313,Charlot,Esom,cesom8o@a8.net,Female,,Jeonju
314,Ian,Brozsset,ibrozsset8p@usnews.com,Male,,Nanjie
315,Jessamyn,Artindale,jartindale8q@symantec.com,Female,Alberta,Barrhead
316,Bridgette,Mandry,bmandry8r@arstechnica.com,Female,Alberta,Swan Hills
317,Massimo,Davers,mdavers8s@vimeo.com,Male,,Olyshivka
318,Alair,Brant,abrant8t@ehow.com,Male,,Kulun
319,Paolo,McLardie,pmclardie8u@usnews.com,Male,,Senangkhanikhom
320,Jerad,Empringham,jempringham8v@reuters.com,Male,,Bulacnin
321,Lonnie,Scrowston,lscrowston8w@altervista.org,Female,,Daping
322,Robbyn,Brookes,rbrookes8x@usatoday.com,Female,,Shahrak
323,Nickolas,Collinwood,ncollinwood8y@free.fr,Male,,Minusinsk
324,Constantino,Whittlesea,cwhittlesea8z@pagesperso-orange.fr,Male,,Binjiang
325,Free,Kleinhandler,fkleinhandler90@rambler.ru,Male,,Tanda
326,Jaquith,Curl,jcurl91@dot.gov,Female,,Esfarāyen
327,Sean,Sutherley,ssutherley92@unblog.fr,Male,,Amizmiz
328,Monique,Heffron,mheffron93@sourceforge.net,Female,,Uthal
329,Barnebas,Naile,bnaile94@cbc.ca,Male,,Pho Thong
330,Bonnie,Feeley,bfeeley95@ihg.com,Bigender,,Niuzhuang
331,Farr,Boerderman,fboerderman96@pbs.org,Male,,Kotabaru
332,Grantley,Ritzman,gritzman97@mtv.com,Male,,Krajan Gading
333,Tanhya,Nekrews,tnekrews98@discuz.net,Female,,Tanuma
334,Anet,Barlass,abarlass99@sitemeter.com,Female,Skåne,Ängelholm
335,Anitra,Rosenfarb,arosenfarb9a@springer.com,Female,Västra Götaland,Bengtsfors
336,Cyrill,Cubbon,ccubbon9b@army.mil,Male,,Thị Trấn Nghèn
337,Mora,Titterrell,mtitterrell9c@thetimes.co.uk,Female,,Panikihan
338,Dougy,Crighton,dcrighton9d@godaddy.com,Male,,Masoli
339,Abie,Crumbleholme,acrumbleholme9e@clickbank.net,Male,,Xingguo
340,Thomasin,Deeks,tdeeks9f@apple.com,Agender,,Arcoverde
341,Vail,Cumbes,vcumbes9g@homestead.com,Male,,Al Balyanā
342,Lars,Seathwright,lseathwright9h@dot.gov,Male,,Floridablanca
343,Cati,Brangan,cbrangan9i@forbes.com,Non-binary,,Phong Điền
344,Neala,Caldaro,ncaldaro9j@noaa.gov,Female,,Lipie
345,Gayla,Glanz,gglanz9k@unesco.org,Female,,Lupak
346,Lou,Shacklady,lshacklady9l@furl.net,Female,Braga,Oliveira
347,Kerrie,Botley,kbotley9m@npr.org,Female,,Zamoskvorech’ye
348,Constanta,Dwane,cdwane9n@live.com,Female,,Liski
349,Isaac,Balharry,ibalharry9o@nih.gov,Male,,Kuntong
350,Huntington,Viney,hviney9p@foxnews.com,Male,Uppsala,Uppsala
351,Octavia,McParlin,omcparlin9q@buzzfeed.com,Female,,Nikolinci
352,Morry,Turville,mturville9r@ucoz.com,Male,Vila Real,Celeirós
353,Benjamin,Boteman,bboteman9s@weibo.com,Male,,Comrat
354,Lenee,Truggian,ltruggian9t@surveymonkey.com,Female,,Biliran
355,Tracie,Sumpner,tsumpner9u@bigcartel.com,Male,,Pakxong
356,Hamilton,Bohl,hbohl9v@bandcamp.com,Male,,Rudna
357,Kendell,Larkworthy,klarkworthy9w@yandex.ru,Male,,Stung Treng
358,Fransisco,Stelle,fstelle9x@netscape.com,Male,,Babat
359,Steward,Mollin,smollin9y@mit.edu,Male,,Hoi
360,Adrianna,Yetts,ayetts9z@weebly.com,Female,,Heba
361,Clio,Flay,cflaya0@deliciousdays.com,Female,,Konobeyevo
362,Joane,Bunyan,jbunyana1@cnet.com,Female,,Baih
363,Fallon,Jeacock,fjeacocka2@simplemachines.org,Female,,Maninihon
364,Gabriel,De Cruce,gdecrucea3@cafepress.com,Male,,Morrelgonj
365,Essie,Giurio,egiurioa4@berkeley.edu,Female,,Himensulan
366,Lorianna,Haimes,lhaimesa5@psu.edu,Female,,Ivano-Frankove
367,Shirlee,Durber,sdurbera6@oracle.com,Female,Santarém,Mouriscas
368,Reed,Meneyer,rmeneyera7@freewebs.com,Male,,Kawit
369,Gardener,Riglar,griglara8@oakley.com,Male,Lorraine,Épinal
370,Eleonora,Dencs,edencsa9@behance.net,Female,Québec,Albanel
371,Lynn,Bailiss,lbailissaa@nbcnews.com,Female,,Nurabelen
372,Aurelia,Iacovini,aiacoviniab@clickbank.net,Female,,Bakadagy
373,Clemmie,Rice,criceac@ebay.com,Male,,Portão
374,Morie,Lenormand,mlenormandad@reverbnation.com,Male,,Chợ Chu
375,Bevvy,Wetherell,bwetherellae@skype.com,Female,,Carusucan
376,Shel,Somerbell,ssomerbellaf@myspace.com,Female,,Batabanó
377,Whit,Wildey,wwildeyag@dailymail.co.uk,Male,,Nanganga
378,Gillan,Abramovitch,gabramovitchah@spiegel.de,Female,,General Alvear
379,Geno,Manoch,gmanochai@t-online.de,Male,,Alagoinhas
380,Tandie,Hendin,thendinaj@privacy.gov.au,Female,,Yongfeng
381,Eldridge,De Freyne,edefreyneak@issuu.com,Male,,Polje
382,Olivie,Elleton,oelletonal@sogou.com,Female,,Villanueva
383,Ward,Oxbury,woxburyam@barnesandnoble.com,Male,,Sindanghayu
384,Taddeo,Summerskill,tsummerskillan@google.nl,Male,,Desamparados
385,Darcey,Blann,dblannao@archive.org,Female,,Huangzhan
386,Creight,Maharry,cmaharryap@360.cn,Male,,Debre Zeyit
387,Jacquie,Huniwall,jhuniwallaq@diigo.com,Female,,Kivsharivka
388,Efren,Alf,ealfar@examiner.com,Agender,Hordaland,Bergen
389,Lillis,Heyworth,lheyworthas@sun.com,Female,,Pingxiang
390,Damaris,Pendered,dpenderedat@woothemes.com,Female,,Coripata
391,Isidoro,Flott,iflottau@pbs.org,Male,,Brongkah
392,Quinlan,Neely,qneelyav@weather.com,Male,,Mubi
393,Joli,Gregorowicz,jgregorowiczaw@seesaa.net,Female,,Veles
394,Heinrick,Dallmann,hdallmannax@domainmarket.com,Male,,Shajia’ao
395,Zachary,Kiezler,zkiezleray@google.fr,Male,,Sungairaya
396,Ransell,Challenor,rchallenoraz@wp.com,Male,,Arjawinangun
397,Tomas,Bethel,tbethelb0@whitehouse.gov,Polygender,,Būlaevo
398,Orelia,Hannaford,ohannafordb1@sciencedaily.com,Genderfluid,,Ivouani
399,Romain,Marran,rmarranb2@comcast.net,Male,Ilha de São Miguel,Nordeste
400,Benedict,Spehr,bspehrb3@opera.com,Male,,Dalianhe
401,Claudius,Zappel,czappelb4@telegraph.co.uk,Male,,Yanbei
402,Winn,Annell,wannellb5@pen.io,Male,,Sabá
403,Marielle,Clemenceau,mclemenceaub6@bigcartel.com,Female,,Bharatpur
404,Linnet,Strephan,lstrephanb7@yale.edu,Female,,Svoge
405,Tami,Garrie,tgarrieb8@home.pl,Female,,Cruzília
406,Patsy,de Cullip,pdecullipb9@diigo.com,Female,,Youfang
407,Shurwood,Kitchinghan,skitchinghanba@va.gov,Male,,San Pablo
408,Latia,Cunningham,lcunninghambb@prnewswire.com,Female,,Longkou
409,Chris,Lowles,clowlesbc@deliciousdays.com,Male,,Kalkal Barat
410,Freda,Wippermann,fwippermannbd@a8.net,Female,,Ciechanów
411,Ashlin,Baile,abailebe@netlog.com,Non-binary,Évora,Alqueva
412,Mel,Lantiff,mlantiffbf@freewebs.com,Male,Region Hovedstaden,København
413,Katina,Wiburn,kwiburnbg@google.co.uk,Female,,Ji’an
414,Hephzibah,Shoorbrooke,hshoorbrookebh@istockphoto.com,Female,Leiria,Figueiró dos Vinhos
415,Josephina,Camble,jcamblebi@usatoday.com,Female,,Ganja
416,Beltran,Strivens,bstrivensbj@sun.com,Male,Île-de-France,Bobigny
417,Hersh,Mellhuish,hmellhuishbk@biblegateway.com,Male,,Irkliyevskaya
418,Ruggiero,Blatcher,rblatcherbl@homestead.com,Male,,Xichangmen
419,Petronille,Vlies,pvliesbm@yelp.com,Female,,Novomichurinsk
420,Aili,Strongitharm,astrongitharmbn@springer.com,Female,,Kertorejo
421,Devina,Paulig,dpauligbo@linkedin.com,Female,,Burao
422,Myrta,Colson,mcolsonbp@cbslocal.com,Agender,,Bertoua
423,Brander,Sharkey,bsharkeybq@moonfruit.com,Male,Languedoc-Roussillon,Montpellier
424,Fabe,Mattiazzi,fmattiazzibr@feedburner.com,Male,,Sam Phran
425,Gunner,Grishanin,ggrishaninbs@tumblr.com,Male,,Vakhrushi
426,Bryon,Narracott,bnarracottbt@myspace.com,Male,,Anilao
427,Saundra,Briddock,sbriddockbu@businessweek.com,Female,Oregon,Portland
428,Marijn,Streets,mstreetsbv@livejournal.com,Male,,Trindade
429,Tadd,Malkinson,tmalkinsonbw@illinois.edu,Male,Languedoc-Roussillon,Rivesaltes
430,Katina,Glencorse,kglencorsebx@friendfeed.com,Female,,Ichihara
431,Yardley,Edridge,yedridgeby@hc360.com,Male,,Taguisa
432,Nollie,Skerm,nskermbz@cargocollective.com,Genderqueer,,Paujiles
433,Isabeau,Scudamore,iscudamorec0@trellian.com,Genderfluid,,Tabora
434,Georas,Trinbey,gtrinbeyc1@fotki.com,Male,,Dankunku
435,Mireille,Linnard,mlinnardc2@wix.com,Female,,Dřiteň
436,Krispin,de Keep,kdekeepc3@google.co.jp,Male,,Krajan Karangsari
437,Dag,Braden,dbradenc4@constantcontact.com,Male,,Payxambabazar
438,Thedrick,Suston,tsustonc5@tinyurl.com,Male,,Anchau
439,Dennis,Wiltshear,dwiltshearc6@unesco.org,Male,,Bogovarovo
440,Aldus,Bealing,abealingc7@miitbeian.gov.cn,Male,,Corcuera
441,Wileen,Crumbie,wcrumbiec8@jalbum.net,Female,,Llipa
442,Scotty,Lampard,slampardc9@smh.com.au,Male,,Ciklapa
443,Albertina,Klass,aklassca@columbia.edu,Female,,Xiawa
444,Carley,Jewel,cjewelcb@samsung.com,Female,,Loakulu
445,Dreddy,Hanhart,dhanhartcc@tamu.edu,Female,,Banyo
446,Julian,Corss,jcorsscd@feedburner.com,Male,,Nūsay
447,Tilly,MacNeil,tmacneilce@arizona.edu,Female,,Lusigang
448,Worthy,Cockerill,wcockerillcf@disqus.com,Male,,Santa Fe
449,Brietta,Everwin,beverwincg@sciencedirect.com,Female,,San Pedro de Atacama
450,Clio,Turle,cturlech@mtv.com,Non-binary,Veracruz Llave,Adolfo Ruiz Cortines
451,Rogerio,Hinder,rhinderci@elpais.com,Male,,Zadawa
452,Hurley,Britian,hbritiancj@trellian.com,Polygender,,Zheleznogorsk-Ilimskiy
453,Milka,Imlaw,mimlawck@over-blog.com,Female,,Karangtengah Lor
454,Alwin,Divver,adivvercl@marriott.com,Male,,Ibarra
455,Ingram,Harback,iharbackcm@cornell.edu,Male,,Vilya
456,Tabby,McGlade,tmcgladecn@shutterfly.com,Male,,Lom Sak
457,Cecelia,Jaquemar,cjaquemarco@irs.gov,Genderqueer,,Salmi
458,Leonhard,Durnan,ldurnancp@google.ca,Male,,Al Bawīţī
459,Stefan,Vassano,svassanocq@adobe.com,Male,,Korets’
460,Celestyn,Angeau,cangeaucr@ifeng.com,Female,,Jerez
461,Toinette,Hatter,thattercs@intel.com,Female,,Chinju
462,Alfie,Abramamovh,aabramamovhct@liveinternet.ru,Genderfluid,,Nentón
463,Petronia,Fawkes,pfawkescu@gmpg.org,Female,,Al Masallamiyya
464,Avram,Cummins,acumminscv@bizjournals.com,Male,,Achiaman
465,Jesse,Binks,jbinkscw@independent.co.uk,Female,Beja,Entradas
466,Pippa,Krolak,pkrolakcx@seesaa.net,Female,,Platičevo
467,Annmaria,Nannini,ananninicy@desdev.cn,Female,,Tuamese
468,Ed,Gimblett,egimblettcz@nationalgeographic.com,Male,,Granada
469,Salomon,Belcher,sbelcherd0@google.co.jp,Male,,Pa Tio
470,Ragnar,Sherburn,rsherburnd1@amazon.co.uk,Male,,Mooka
471,Lanna,Keable,lkeabled2@newsvine.com,Female,,Altos
472,Gerrie,Sherbrooke,gsherbrooked3@imgur.com,Male,,Arvayheer
473,Port,Easterby,peasterbyd4@independent.co.uk,Male,,Warungtanjung
474,Renate,Sudell,rsudelld5@va.gov,Female,,Vose’
475,Kimberlyn,Slocket,kslocketd6@mlb.com,Female,,Penha
476,Garret,Bromont,gbromontd7@uiuc.edu,Male,Scotland,Glasgow
477,Latrina,Thrustle,lthrustled8@canalblog.com,Female,,Pondokwungu
478,Ellsworth,Storek,estorekd9@hugedomains.com,Male,,Sipocot
479,Sari,Didball,sdidballda@feedburner.com,Female,,Shunde
480,Sean,Glantz,sglantzdb@networkadvertising.org,Male,,Fengcun
481,Carlotta,Bridgstock,cbridgstockdc@yahoo.co.jp,Female,,Zborište
482,Prudy,Lehrmann,plehrmanndd@npr.org,Agender,,Severnyy
483,Curry,Burnside,cburnsidede@examiner.com,Male,,Pasarbaru
484,Myrtia,Luff,mluffdf@flickr.com,Female,,Suntar
485,Star,Geldeford,sgeldeforddg@alexa.com,Female,Värmland,Säffle
486,Ynez,Cochran,ycochrandh@paypal.com,Female,,Rora Timur
487,Caspar,Segar,csegardi@livejournal.com,Male,,Las Piñas
488,Lowell,Hosten,lhostendj@bravesites.com,Genderqueer,California,Pasadena
489,Brooke,Colthard,bcoltharddk@dion.ne.jp,Male,,Karangsari
490,Cirillo,Gravenall,cgravenalldl@hatena.ne.jp,Male,Braga,Calvos
491,Omero,Sunnucks,osunnucksdm@yellowpages.com,Male,,Obršani
492,Debor,Gabits,dgabitsdn@cafepress.com,Female,Provence-Alpes-Côte d'Azur,Brignoles
493,Ulric,Kellie,ukelliedo@mac.com,Male,,Alcoy
494,Tailor,Prendergrast,tprendergrastdp@blogs.com,Agender,Guerrero,Independencia
495,Bunni,Fend,bfenddq@sbwire.com,Female,,Naran Bulag
496,Bartlet,Seefeldt,bseefeldtdr@acquirethisname.com,Male,Gävleborg,Valbo
497,Jeffy,Hanshaw,jhanshawds@google.co.jp,Male,,Matsutō
498,Sheelah,Rolse,srolsedt@jimdo.com,Female,,Zongzhai
499,Marybeth,Giller,mgillerdu@scribd.com,Female,,Lyublino
500,Paulette,Peinke,ppeinkedv@github.com,Genderfluid,,Los Palacios
501,Chrystel,Marconi,cmarconidw@wired.com,Female,Dalarna,Falun
502,Tani,Kamien,tkamiendx@g.co,Female,,Dar Chabanne
503,August,Preator,apreatordy@netvibes.com,Polygender,,Ubaitaba
504,Jarrod,O'Driscole,jodriscoledz@addthis.com,Non-binary,,Georgetown
505,Augy,Wathall,awathalle0@mail.ru,Male,,Toutai
506,Reggis,Yorston,ryorstone1@list-manage.com,Male,,David
507,Cyrill,Last,claste2@cargocollective.com,Male,,Tianxin
508,Clark,Marsy,cmarsye3@discovery.com,Male,Västra Götaland,Göteborg
509,Durand,Osburn,dosburne4@ow.ly,Male,,Zafarwāl
510,Charles,Toomer,ctoomere5@slashdot.org,Male,Viana do Castelo,Ferreira
511,Kay,Stoade,kstoadee6@macromedia.com,Female,,Ngrejo
512,Yettie,Gutridge,ygutridgee7@marriott.com,Female,,Owo
513,Guilbert,Southerton,gsouthertone8@ucoz.com,Male,,Binalbagan
514,Gage,Bollin,gbolline9@clickbank.net,Male,,Dutsin Ma
515,Kristi,Hatherill,khatherillea@behance.net,Female,Bretagne,Rennes
516,Nancie,Dallinder,ndallindereb@reverbnation.com,Female,,Pital
517,Avis,Rodgers,arodgersec@rakuten.co.jp,Female,,Aurora
518,Crysta,Collens,ccollensed@chicagotribune.com,Female,Lorraine,Épinal
519,Legra,Blade,lbladeee@salon.com,Non-binary,,Saramech
520,Alphonso,Rookesby,arookesbyef@comcast.net,Male,,Yuanjue
521,Lucia,Sanz,lsanzeg@timesonline.co.uk,Female,Minnesota,Minneapolis
522,Tabbi,Oswick,toswickeh@instagram.com,Female,,Guaíba
523,Haskell,Brunning,hbrunningei@berkeley.edu,Male,,Mikuni
524,Zelma,Rosenboim,zrosenboimej@nasa.gov,Female,,Safotulafai
525,West,Fine,wfineek@businesswire.com,Male,,Kyrenia
526,Thelma,Salmon,tsalmonel@dot.gov,Female,,Sangzhen
527,Tammy,Leyland,tleylandem@shinystat.com,Female,Stockholm,Stockholm
528,Patrizia,Van Baaren,pvanbaarenen@fotki.com,Female,,Borodinskiy
529,Darby,Marlor,dmarloreo@pagesperso-orange.fr,Agender,Nordrhein-Westfalen,Bochum
530,Baird,Stoop,bstoopep@about.com,Male,,Payaman
531,Moritz,McElory,mmceloryeq@zimbio.com,Male,,Al Jawf
532,Earl,Fessler,efesslerer@narod.ru,Male,Chihuahua,Juarez
533,Harp,Bindon,hbindones@sogou.com,Agender,,Lesnoy
534,Millicent,Fellis,mfelliset@techcrunch.com,Female,,Río Grande
535,Corette,Glaserman,cglasermaneu@cdc.gov,Female,Rhône-Alpes,Annecy
536,Wolfgang,Cullon,wcullonev@examiner.com,Male,,Mengdadazhuang
537,Elisa,Whitwell,ewhitwellew@cafepress.com,Female,,San Antonio de los Baños
538,Brien,Robertsen,brobertsenex@list-manage.com,Male,,Łobżenica
539,Val,Morfey,vmorfeyey@goo.ne.jp,Male,,Pacar
540,Riki,Vernall,rvernallez@nyu.edu,Female,,Invercargill
541,Siusan,Sarrell,ssarrellf0@omniture.com,Female,,Zhankhoteko
542,Oates,Harsent,oharsentf1@tamu.edu,Male,,Kalipucang
543,Kimberly,Hellen,khellenf2@chron.com,Female,,Tabug
544,Kipp,Lortzing,klortzingf3@prweb.com,Male,,Maykopskoye
545,Marika,Morehall,mmorehallf4@scientificamerican.com,Female,,Santa Maria
546,Corrie,Lapidus,clapidusf5@nba.com,Female,,Quế Sơn
547,Cos,Mackerel,cmackerelf6@abc.net.au,Male,,Zhaogezhuang
548,Grove,Longfield,glongfieldf7@amazon.co.uk,Male,,Sukasada
549,Aldon,Brixey,abrixeyf8@slideshare.net,Male,,San Fernando de Atabapo
550,Corabel,Aleksankov,caleksankovf9@irs.gov,Female,,Skopin
551,Chicky,Huet,chuetfa@wordpress.org,Female,,Pedra Branca
552,Cleo,Firpi,cfirpifb@vimeo.com,Female,,Shaogongzhuang
553,Nicola,Hampshaw,nhampshawfc@edublogs.org,Male,,Beishan
554,Rudyard,Delgaty,rdelgatyfd@mtv.com,Polygender,,Caoxi
555,Delia,Ruttgers,druttgersfe@rediff.com,Female,,Monkayo
556,Irwinn,Pusill,ipusillff@go.com,Male,,Santiago Nonualco
557,Gilbert,Raper,graperfg@histats.com,Male,,Qianchuan
558,Clarie,Prigg,cpriggfh@sina.com.cn,Female,,Changqi
559,Marissa,Linnock,mlinnockfi@huffingtonpost.com,Female,,Tembang
560,Caroljean,Guiducci,cguiduccifj@rakuten.co.jp,Female,,Soraya
561,Rhodie,Morratt,rmorrattfk@1und1.de,Female,,Dankalwa
562,Bamby,Merwede,bmerwedefl@drupal.org,Female,Stockholm,Järfälla
563,Bliss,Bellamy,bbellamyfm@bbb.org,Female,,Botevgrad
564,Walt,Thompkins,wthompkinsfn@icq.com,Male,,Bāqim as Sūq
565,Ruby,Sterte,rstertefo@squidoo.com,Male,,Purranque
566,Clarke,Sumner,csumnerfp@myspace.com,Male,,Selaawi
567,Gene,Haquard,ghaquardfq@facebook.com,Male,,Puerto Francisco de Orellana
568,Bette-ann,Shervil,bshervilfr@1und1.de,Agender,,Bagumbayan
569,Charis,Phlipon,cphliponfs@people.com.cn,Female,,La Asunción
570,Andreana,Maciak,amaciakft@icq.com,Female,,Pawili
571,Helen,Licciardo,hlicciardofu@oracle.com,Female,,Cimanggu
572,Asher,Kordes,akordesfv@marriott.com,Genderfluid,,Itapaci
573,Deni,Iacovucci,diacovuccifw@cargocollective.com,Female,,Batulayang
574,Daryn,Attle,dattlefx@parallels.com,Female,,Xinxing
575,Cello,Jeyness,cjeynessfy@mashable.com,Male,,Lesnikovo
576,Sutton,Spirit,sspiritfz@ed.gov,Male,,Ranua
577,Adamo,Jonah,ajonahg0@ftc.gov,Male,,Hecun
578,Loleta,Leyban,lleybang1@desdev.cn,Female,,Monastyrishche
579,Carlina,Smalecombe,csmalecombeg2@flickr.com,Female,,Ormož
580,Kandy,Labb,klabbg3@yandex.ru,Non-binary,,Tarrafal
581,Correy,Pretty,cprettyg4@123-reg.co.uk,Male,,Hingatungan
582,Cyril,Ciepluch,cciepluchg5@privacy.gov.au,Male,,Lengshui
583,Arlena,Mattholie,amattholieg6@sciencedaily.com,Female,,Bāsawul
584,Joe,Tarrant,jtarrantg7@blog.com,Male,,Zhangping
585,Monte,Rubenov,mrubenovg8@timesonline.co.uk,Male,,Wantan
586,Adaline,De Witt,adewittg9@stumbleupon.com,Female,,Lesnoy
587,Frazier,McKeowon,fmckeowonga@wikispaces.com,Male,,Lokatadho
588,Yurik,Gunstone,ygunstonegb@prweb.com,Male,,Hedong
589,Munmro,Bilham,mbilhamgc@jiathis.com,Male,,Peresvet
590,Ford,Mance,fmancegd@mac.com,Male,,Gaoliang
591,Lettie,Guerola,lguerolage@timesonline.co.uk,Female,,Prislonica
592,Iolanthe,Robuchon,irobuchongf@odnoklassniki.ru,Female,,Ash Shawātī
593,Joni,Ingamells,jingamellsgg@fc2.com,Genderqueer,,Znojmo
594,Abdul,Gillespie,agillespiegh@printfriendly.com,Male,,Buy
595,Kiel,Roots,krootsgi@tripod.com,Male,,Tiantang
596,Cedric,Benasik,cbenasikgj@princeton.edu,Male,,Unidos
597,Linn,Housen,lhousengk@wisc.edu,Male,,Castrovirreyna
598,Lynette,Trewin,ltrewingl@indiegogo.com,Female,,Mengcheng Chengguanzhen
599,Vasily,Praton,vpratongm@uol.com.br,Male,,Zhongshanmen
600,Scot,Savill,ssavillgn@icq.com,Male,,Taquarituba
601,Faith,Mulheron,fmulherongo@google.fr,Female,,Bang Bua Thong
602,Dina,St. Aubyn,dstaubyngp@yellowbook.com,Female,,São Sebastião do Passé
603,Florian,Bettanay,fbettanaygq@creativecommons.org,Male,,Ganyi
604,Charo,Letixier,cletixiergr@lulu.com,Female,,Korotych
605,Chryste,Earle,cearlegs@narod.ru,Female,,Minian
606,Porter,Mcwhinnie,pmcwhinniegt@pbs.org,Genderqueer,,Citundun
607,Jessika,McBayne,jmcbaynegu@wikispaces.com,Female,Braga,Mouquim
608,Tobie,Wahlberg,twahlberggv@seattletimes.com,Male,Stockholm,Huddinge
609,Hildy,Ofer,hofergw@elegantthemes.com,Female,,Zhezqazghan
610,Flore,Offa,foffagx@bbc.co.uk,Female,Stockholm,Älvsjö
611,Udale,Castagna,ucastagnagy@moonfruit.com,Male,,Jiworejo
612,Sigfrid,Von Hindenburg,svonhindenburggz@unesco.org,Genderfluid,,San Vicente Pacaya
613,Con,Vamplus,cvamplush0@1und1.de,Male,,Wang Noi
614,Mildred,Dyte,mdyteh1@amazon.de,Female,Île-de-France,Saint-Quentin-en-Yvelines
615,Davy,Stein,dsteinh2@cafepress.com,Male,,Kusak
616,Clarence,Phillput,cphillputh3@slideshare.net,Male,,Yangjiafang
617,Betteanne,Asman,basmanh4@pbs.org,Female,,Cereté
618,Crissie,Dewbury,cdewburyh5@tinypic.com,Female,,Dawang
619,Ramsey,Varndall,rvarndallh6@cocolog-nifty.com,Male,,Shinshiro
620,Diena,Symes,dsymesh7@businesswire.com,Female,,Shikhany
621,Burt,MacIver,bmaciverh8@nba.com,Male,Île-de-France,Corbeil-Essonnes
622,Doug,Steckings,dsteckingsh9@qq.com,Male,,Tiadiaye
623,Emmott,Sancto,esanctoha@drupal.org,Male,,Boyeros
624,Bradford,McPartlin,bmcpartlinhb@pcworld.com,Male,,Belém
625,Antonin,Mogridge,amogridgehc@goodreads.com,Male,,Babao
626,Cecil,Fortman,cfortmanhd@time.com,Female,,Xiagong
627,Niko,Linklet,nlinklethe@a8.net,Male,Setúbal,Almada
628,Dian,Vale,dvalehf@cargocollective.com,Agender,,Krzeczów
629,Maureen,Rylatt,mrylatthg@lulu.com,Genderqueer,,Iwase
630,Corrie,Gantley,cgantleyhh@webeden.co.uk,Male,,Pendembu
631,Alexia,McKeighan,amckeighanhi@samsung.com,Female,,Proletar
632,Stephi,Leavy,sleavyhj@ucsd.edu,Female,,Taksimo
633,Odette,Strangeways,ostrangewayshk@newsvine.com,Female,,Makata
634,Donnie,Gyorffy,dgyorffyhl@homestead.com,Male,,Gatbo
635,Danita,Humbee,dhumbeehm@thetimes.co.uk,Female,Veracruz Llave,La Esperanza
636,Dona,Christaeas,dchristaeashn@plala.or.jp,Female,,Piet Retief
637,Romain,Dunkinson,rdunkinsonho@google.es,Male,,Ban Na
638,Lira,Fantonetti,lfantonettihp@livejournal.com,Female,,Jammā‘īn
639,Willi,Lesek,wlesekhq@businesswire.com,Male,Skåne,Båstad
640,Jesselyn,Trundle,jtrundlehr@ted.com,Female,,Sanlifan
641,Rikki,Lyfe,rlyfehs@sfgate.com,Female,,Lembung Tengah
642,Carina,Margarson,cmargarsonht@sciencedirect.com,Female,,Lamawalang
643,Timofei,Ruit,truithu@utexas.edu,Male,,Daguo
644,Matty,Buckbee,mbuckbeehv@nhs.uk,Female,,Warri
645,Zara,Bengough,zbengoughhw@mit.edu,Genderqueer,,Insrom
646,Lauritz,Loddon,lloddonhx@yahoo.com,Male,,Gafargaon
647,Pia,Sugars,psugarshy@army.mil,Female,Manitoba,Carman
648,Hammad,Thomsson,hthomssonhz@buzzfeed.com,Agender,,Zapolyarnyy
649,Onfroi,Breeze,obreezei0@joomla.org,Male,,Qujiang
650,Kurtis,Siemens,ksiemensi1@hugedomains.com,Male,,Dusit
651,Sarah,Lawless,slawlessi2@drupal.org,Female,,Mstów
652,Goldarina,Stealey,gstealeyi3@wikimedia.org,Female,,Velasco Ibarra
653,Lebbie,Trodler,ltrodleri4@about.me,Genderfluid,,Ngondokandawu
654,Pate,Powlett,ppowletti5@stumbleupon.com,Male,,Istaravshan
655,Claudio,Whenman,cwhenmani6@wiley.com,Male,,Koungheul
656,Harlin,Leacock,hleacocki7@goo.ne.jp,Male,,Al Manzilah
657,Deerdre,Jedrzej,djedrzeji8@eventbrite.com,Female,,Feikeng
658,Alexandra,Marioneau,amarioneaui9@blogs.com,Female,,Gunjur Kuta
659,Durante,Acres,dacresia@merriam-webster.com,Male,,Oemanu
660,Donny,Dineen,ddineenib@123-reg.co.uk,Male,,Sindangsuka
661,Annelise,Concannon,aconcannonic@artisteer.com,Female,Terengganu,Kuala Terengganu
662,Deva,Dallicoat,ddallicoatid@chronoengine.com,Female,,Haokou
663,Glad,Lewington,glewingtonie@freewebs.com,Female,,Waigete
664,Garv,Mager,gmagerif@infoseek.co.jp,Male,Scotland,Kirkton
665,Law,Batchelor,lbatchelorig@amazonaws.com,Male,,Bezerros
666,Keelby,Sinott,ksinottih@weibo.com,Male,,Borehbangle
667,Jaquith,Ascroft,jascroftii@wikispaces.com,Female,Jönköping,Värnamo
668,Marcello,Yewdall,myewdallij@cdc.gov,Genderfluid,,Changzheng
669,Una,Sauter,usauterik@ed.gov,Female,New South Wales,Sydney
670,Masha,Mc Coughan,mmccoughanil@washington.edu,Female,,Símantra
671,Martyn,McFaul,mmcfaulim@linkedin.com,Male,,San Miguel
672,Tiffi,Gascoigne,tgascoignein@lycos.com,Female,,Taklale
673,Rowney,Ivanishchev,rivanishchevio@tinypic.com,Male,,Aboisso
674,Essy,Oldaker,eoldakerip@si.edu,Female,,Tarczyn
675,Gus,Radborne,gradborneiq@mysql.com,Male,,Taclobo
676,Cordell,Schruyer,cschruyerir@nbcnews.com,Male,,Brak
677,Guthry,Klainer,gklaineris@adobe.com,Male,,Qianjin
678,Bennett,Knutsen,bknutsenit@toplist.cz,Polygender,Berlin,Berlin
679,Stephie,Kopps,skoppsiu@theglobeandmail.com,Female,,Słupsk
680,Ramsay,Cromblehome,rcromblehomeiv@phpbb.com,Male,,Guarenas
681,Myrilla,Dioniso,mdionisoiw@purevolume.com,Female,,Carmen de Viboral
682,Victor,Matisoff,vmatisoffix@fc2.com,Polygender,,Haradok
683,Esmaria,Gantz,egantziy@scientificamerican.com,Female,Stockholm,Stockholm
684,Charmion,Toupe,ctoupeiz@amazon.de,Female,,Gakovo
685,Riannon,Sheeran,rsheeranj0@123-reg.co.uk,Female,Porto,Cabo de Vila
686,Ardelis,Aston,aastonj1@simplemachines.org,Female,Veracruz Llave,Morelos
687,Bernardina,Sisse,bsissej2@aol.com,Female,,Muyuka
688,Luke,Fridlington,lfridlingtonj3@ox.ac.uk,Male,,Kizil
689,Lydie,Zimmerman,lzimmermanj4@paginegialle.it,Agender,,Verenchanka
690,Giffy,Krause,gkrausej5@storify.com,Male,,Mafang
691,Iolanthe,Pappin,ipappinj6@over-blog.com,Female,,San Rafael
692,Melody,Mc Grath,mmcgrathj7@wordpress.org,Female,,Kiviõli
693,Gregg,Morriss,gmorrissj8@hp.com,Male,,Nema
694,Eyde,Pikhno,epikhnoj9@state.gov,Female,,Xilai
695,Albert,Catcheside,acatchesideja@linkedin.com,Male,,Knyszyn
696,Annie,Scarffe,ascarffejb@wunderground.com,Genderqueer,,San Isidro
697,Abeu,Spelsbury,aspelsburyjc@google.it,Male,Stockholm,Solna
698,Marci,Elstob,melstobjd@cdc.gov,Female,,Opaka
699,Suellen,Macvey,smacveyje@ning.com,Female,,Yanmenkou
700,Codee,Vasilmanov,cvasilmanovjf@cyberchimps.com,Female,,Nueva Manoa
701,Horace,Brobeck,hbrobeckjg@github.io,Male,,Hualgayoc
702,Dannie,Dunstan,ddunstanjh@weebly.com,Male,Västra Götaland,Göteborg
703,Blaine,Danelutti,bdaneluttiji@scientificamerican.com,Male,,Wawrzeńczyce
704,Beilul,Gatehouse,bgatehousejj@deviantart.com,Female,,Agualote
705,Paddy,Wrotham,pwrothamjk@europa.eu,Male,,Pang
706,Floyd,Tures,fturesjl@ow.ly,Male,,Gunan
707,Charmine,Cockcroft,ccockcroftjm@kickstarter.com,Female,,Berbera
708,Huey,Maypes,hmaypesjn@a8.net,Male,,São Luís
709,Marabel,Wolstenholme,mwolstenholmejo@noaa.gov,Female,,Višňova
710,Cristy,Da Costa,cdacostajp@chronoengine.com,Female,Nord-Pas-de-Calais,Dunkerque
711,Onofredo,Guard,oguardjq@wp.com,Male,,Mungwi
712,Claudianus,Titterton,ctittertonjr@sciencedaily.com,Male,,L’govskiy
713,Ceciley,Ziemen,cziemenjs@myspace.com,Female,,Sanchahe
714,Shanie,Hudspith,shudspithjt@rakuten.co.jp,Female,,Qalqīlyah
715,Egon,Fitton,efittonju@ebay.com,Male,,Banjar Tibubiyu Kaja
716,Raymond,Lomas,rlomasjv@discovery.com,Male,,Mirzāpur
717,Farley,M'Chirrie,fmchirriejw@sciencedirect.com,Male,,Omišalj
718,Joceline,Arr,jarrjx@vimeo.com,Female,Blekinge,Karlskrona
719,Gayle,Hebbes,ghebbesjy@google.ru,Male,,Aragarças
720,Aggi,Hayles,ahaylesjz@g.co,Genderfluid,,Dajin
721,Forster,Gianelli,fgianellik0@addtoany.com,Male,,Can-Avid
722,Constanta,Dabernott,cdabernottk1@theatlantic.com,Bigender,,Ribeirão Preto
723,Ara,Rose,arosek2@harvard.edu,Female,,Sañgay
724,Marvin,Drable,mdrablek3@indiegogo.com,Male,,Dangchang Chengguanzhen
725,Stafford,Blakeston,sblakestonk4@woothemes.com,Male,,Piraju
726,Odessa,Bairstow,obairstowk5@simplemachines.org,Female,,Mauloo
727,Henrik,Lipscomb,hlipscombk6@uol.com.br,Male,,Meilisi
728,Olly,Rosenthaler,orosenthalerk7@tamu.edu,Male,,Libertad
729,Matthiew,Runcie,mrunciek8@cocolog-nifty.com,Male,,Santa Elena de Uairén
730,Andra,Cornick,acornickk9@gmpg.org,Female,,Kawambwa
731,Nesta,Vitler,nvitlerka@nhs.uk,Female,,Fayzabad
732,Johnnie,Garron,jgarronkb@163.com,Male,Oaxaca,Guadalupe
733,Pen,Kingsbury,pkingsburykc@umich.edu,Male,,Bukavu
734,Shanta,Jemison,sjemisonkd@123-reg.co.uk,Female,Braga,Longos
735,Tania,Stansfield,tstansfieldke@oaic.gov.au,Female,,Jiangchang
736,Neville,Orrett,norrettkf@army.mil,Non-binary,Västra Götaland,Stenungsund
737,Arne,Koles,akoleskg@blogtalkradio.com,Male,,Duancun
738,Wait,Peaple,wpeaplekh@icio.us,Male,,Qiaobian
739,Wolfie,Chappelle,wchappelleki@foxnews.com,Male,,Xiongshan
740,Donella,O'Hdirscoll,dohdirscollkj@washingtonpost.com,Female,,Segong
741,Rodrique,Guidotti,rguidottikk@hubpages.com,Male,,Pasirangin Tiga
742,Aymer,Doubrava,adoubravakl@dailymotion.com,Male,,Puricay
743,Alameda,Hatz,ahatzkm@ebay.co.uk,Female,,Rizhao
744,Jemie,Clucas,jclucaskn@yellowpages.com,Female,,Tazemmourt
745,Britta,Christofe,bchristofeko@youku.com,Female,,Kumagaya
746,Torre,Klimushev,tklimushevkp@multiply.com,Genderqueer,,Vitória
747,Amargo,Antognelli,aantognellikq@hibu.com,Female,,Pianbai
748,Jeri,Gimblett,jgimblettkr@uol.com.br,Female,,Patria
749,Siana,Ravilious,sraviliousks@opensource.org,Female,,Šmarje pri Jelšah
750,Leopold,Janas,ljanaskt@netvibes.com,Male,,Jingpeng
751,Aldrich,Gristhwaite,agristhwaiteku@naver.com,Male,,Zakhim
752,Cathie,Frobisher,cfrobisherkv@issuu.com,Female,,Józefów
753,Marta,Brinicombe,mbrinicombekw@purevolume.com,Female,,Barg-e Matāl
754,Annmarie,Shitliffe,ashitliffekx@abc.net.au,Female,,Caocun
755,Willi,Beatson,wbeatsonky@last.fm,Female,,Mufumbwe
756,Vail,Pledge,vpledgekz@163.com,Male,,Changlu
757,Cindee,Physick,cphysickl0@trellian.com,Bigender,,Luangwa
758,Claudian,Kitter,ckitterl1@craigslist.org,Male,,Batawa
759,Web,Pentecust,wpentecustl2@google.com.au,Male,Michigan,Detroit
760,Tiffie,Etherson,tethersonl3@mac.com,Female,,Alcala
761,Elise,Seargeant,eseargeantl4@redcross.org,Female,,Cipondok
762,Malissa,Chanson,mchansonl5@csmonitor.com,Female,,Huayang
763,Bettina,Hakewell,bhakewelll6@usnews.com,Female,,Zibo
764,Robinia,Wroath,rwroathl7@omniture.com,Female,,Kafr Thulth
765,Salomone,Barriball,sbarriballl8@si.edu,Male,,Gotovlje
766,Carlynn,Cheater,ccheaterl9@addtoany.com,Female,,Novorozhdestvenskaya
767,Willdon,Middup,wmiddupla@aol.com,Male,Stockholm,Stockholm
768,Angelita,Elleyne,aelleynelb@boston.com,Bigender,,Dayou
769,Willie,Juan,wjuanlc@naver.com,Female,Setúbal,Trafaria
770,Dirk,Stockford,dstockfordld@com.com,Male,,Grujugan
771,Itch,Penburton,ipenburtonle@jugem.jp,Male,,Staropavlovskaya
772,Anallise,Gilbank,agilbanklf@ehow.com,Female,,Delvinë
773,Marc,Crews,mcrewslg@oaic.gov.au,Male,,Brzeg Dolny
774,Sela,Fisbburne,sfisbburnelh@indiegogo.com,Female,,Al Ḩawātah
775,Sherm,Tome,stomeli@icio.us,Male,,Dongli
776,Domini,Graver,dgraverlj@hud.gov,Female,,Dahuaishu
777,Xena,Clemence,xclemencelk@answers.com,Female,,Binalonan
778,Ynes,D' Angelo,ydangeloll@naver.com,Female,,Menzel Bourguiba
779,Dino,Hayball,dhayballlm@devhub.com,Bigender,,Brooklyn
780,Esra,Farrell,efarrellln@hud.gov,Male,,Bago
781,Sky,Wroughton,swroughtonlo@blogs.com,Male,Rhône-Alpes,Montluel
782,Germaine,Jackman,gjackmanlp@ezinearticles.com,Male,,Fernandópolis
783,Elinore,Hawkin,ehawkinlq@netvibes.com,Female,,Thị Trấn Ngọc Lặc
784,Ilysa,Capstack,icapstacklr@nbcnews.com,Female,,Omboué
785,Gaby,Nassey,gnasseyls@nationalgeographic.com,Male,Skåne,Ängelholm
786,John,Scranny,jscrannylt@china.com.cn,Male,,Malway
787,Harbert,Killough,hkilloughlu@arizona.edu,Male,,Dalongzhan
788,Cullen,Presho,cpresholv@pinterest.com,Male,,Yantian
789,Caye,Cuer,ccuerlw@yale.edu,Female,,Velká Bíteš
790,Wendye,Taylot,wtaylotlx@aol.com,Female,,Matangpayang
791,Lyman,Corradengo,lcorradengoly@indiatimes.com,Male,Washington,Vancouver
792,Meade,Wallace,mwallacelz@ezinearticles.com,Agender,Ontario,Bancroft
793,Anastasia,Rae,araem0@wordpress.org,Female,Bourgogne,Nuits-Saint-Georges
794,Tabbi,Grigoryev,tgrigoryevm1@wordpress.org,Female,,Panjakent
795,Vernor,Patman,vpatmanm2@noaa.gov,Male,,Larochette
796,Gunner,Curl,gcurlm3@dropbox.com,Male,,Ciherang
797,Albie,McDonand,amcdonandm4@creativecommons.org,Male,,Pyra
798,Deck,Monsey,dmonseym5@ed.gov,Male,,Maraial
799,Lionel,Fowgies,lfowgiesm6@alibaba.com,Male,Santarém,Cardal
800,Vanya,De Hooch,vdehoochm7@1688.com,Male,,Yongfeng
801,Simeon,Alden,saldenm8@dell.com,Male,,El Pardo
802,Merlina,Hurt,mhurtm9@netscape.com,Female,,Yelat’ma
803,Lacy,Alven,lalvenma@netscape.com,Female,,Malgobek
804,Mirelle,Vigne,mvignemb@imgur.com,Female,,Jianggezhuang
805,Garrott,Rosenshine,grosenshinemc@xing.com,Male,Leiria,Amieirinha
806,Mab,Vanyutin,mvanyutinmd@themeforest.net,Female,,Alīpur
807,Ranique,MacNeillie,rmacneillieme@unesco.org,Female,,Lalukoen Dua
808,Hal,Bassingham,hbassinghammf@reverbnation.com,Male,,Madara
809,Keane,Gurdon,kgurdonmg@yellowpages.com,Male,,Hengshan
810,Bo,Lubbock,blubbockmh@skyrock.com,Male,,General Elizardo Aquino
811,Peter,Furbank,pfurbankmi@wordpress.org,Male,,Pedro II
812,Pate,Atty,pattymj@mapquest.com,Male,,Šmartno pri Litiji
813,Deidre,Benn,dbennmk@hp.com,Female,,Agbor
814,Jaimie,Mohun,jmohunml@archive.org,Female,,Denpasar
815,Emmye,Carloni,ecarlonimm@hibu.com,Female,,Swiętajno
816,Arlena,McKee,amckeemn@yellowbook.com,Female,,Nieborów
817,Geoffrey,Dikels,gdikelsmo@microsoft.com,Male,Alabama,Birmingham
818,Jacquette,Ablett,jablettmp@tripadvisor.com,Female,,Changfu
819,Andrew,Ewings,aewingsmq@oakley.com,Male,Washington,Seattle
820,Kimble,Iacopo,kiacopomr@artisteer.com,Male,,San Pablo
821,Martguerita,Hudson,mhudsonms@shop-pro.jp,Female,,Hengtanggang
822,Rae,Tuther,rtuthermt@omniture.com,Female,,Wuxiang
823,Maire,Lancetter,mlancettermu@imageshack.us,Female,,Huangbei
824,Lisetta,Reuter,lreutermv@squidoo.com,Female,,Kula
825,Renata,Beartup,rbeartupmw@sohu.com,Female,,Gonbad-e Kāvūs
826,Annabell,Pentlow,apentlowmx@vistaprint.com,Female,,Hanyin Chengguanzhen
827,Svend,Beddo,sbeddomy@shareasale.com,Male,,Wan’an
828,Humfrey,Campos,hcamposmz@tuttocitta.it,Male,,Bartsrashen
829,Kati,Minichi,kminichin0@hp.com,Female,,Mauloo
830,Gale,Jurasek,gjurasekn1@jimdo.com,Male,,Sukamulia
831,Marris,Moxon,mmoxonn2@diigo.com,Polygender,Picardie,Creil
832,Deloris,Atherton,dathertonn3@google.co.jp,Female,,Talisay
833,Faunie,Trewett,ftrewettn4@so-net.ne.jp,Female,Poitou-Charentes,Futuroscope
834,Opal,Priddy,opriddyn5@etsy.com,Female,,Sattahip
835,Paulina,Bowart,pbowartn6@earthlink.net,Female,Ilha das Flores,Fazenda de Santa Cruz
836,Kienan,Merrell,kmerrelln7@e-recht24.de,Male,Halland,Kungsbacka
837,Mehetabel,Weddup,mweddupn8@nba.com,Genderqueer,Budapest,Budapest
838,Gigi,Mahaddy,gmahaddyn9@seesaa.net,Female,,Đồng Mỏ
839,Pascal,Moulin,pmoulinna@economist.com,Male,,Czechowice-Dziedzice
840,Joshua,Goldwater,jgoldwaternb@jugem.jp,Non-binary,,Succha
841,Galen,Freund,gfreundnc@simplemachines.org,Male,,Obryte
842,Sibilla,Beevens,sbeevensnd@who.int,Female,,Sempu
843,Zarla,Culshew,zculshewne@cbslocal.com,Female,,Khān Arnabah
844,Louis,Aburrow,laburrownf@yahoo.co.jp,Male,,Strážnice
845,Darlleen,Shout,dshoutng@cnet.com,Female,,Ulbroka
846,Fredric,Southall,fsouthallnh@com.com,Male,,Salamá
847,Donnajean,MacNeachtain,dmacneachtainni@cnn.com,Female,,Henggang
848,Coralie,Favela,cfavelanj@psu.edu,Female,Stockholm,Södertälje
849,Shara,Washbrook,swashbrooknk@themeforest.net,Female,Pr,Ponce
850,Carlynne,Schiementz,cschiementznl@weebly.com,Female,,Lucheng
851,Lela,Luscombe,lluscombenm@diigo.com,Polygender,,Sanshilipu
852,Grantley,Marchent,gmarchentnn@toplist.cz,Agender,,Puger
853,Ignaz,Noades,inoadesno@over-blog.com,Non-binary,,Beo
854,Otha,Mawditt,omawdittnp@archive.org,Female,,Qukou
855,Winfield,Amos,wamosnq@hibu.com,Male,,Beishidian
856,Alister,Shorter,ashorternr@uol.com.br,Male,Île-de-France,Courtaboeuf
857,Ave,Hadcroft,ahadcroftns@mapy.cz,Male,Virginia,Norfolk
858,Alyson,Gepp,ageppnt@acquirethisname.com,Female,,Cikendi
859,Court,Bowhay,cbowhaynu@wisc.edu,Male,,Soa
860,Brigitta,Nannetti,bnannettinv@merriam-webster.com,Non-binary,,Manggekompo
861,Frannie,Bredgeland,fbredgelandnw@time.com,Male,,Dorowa Mining Lease
862,L;urette,Brattell,lbrattellnx@answers.com,Female,,Khelyulya
863,Roxie,Imlock,rimlockny@topsy.com,Female,,Xiazhai
864,Lacey,Tours,ltoursnz@goodreads.com,Female,,Changtian
865,Jere,Kitcat,jkitcato0@pen.io,Bigender,,Vacenovice
866,Cordey,Seale,csealeo1@gov.uk,Female,,Shifan
867,Worthy,Begg,wbeggo2@creativecommons.org,Male,,Paine
868,Melly,Lenaghen,mlenagheno3@latimes.com,Female,,Bao’an
869,Ariela,Marages,amarageso4@wunderground.com,Genderfluid,,Longgao
870,Myrtle,Lightwood,mlightwoodo5@fastcompany.com,Female,,Banisilan
871,Annetta,Sackes,asackeso6@techcrunch.com,Female,Västra Götaland,Töreboda
872,Adelaida,McCurley,amccurleyo7@cbsnews.com,Female,,Chapadinha
873,Cherice,Annice,canniceo8@bing.com,Female,,Koumra
874,Carlen,Vickerman,cvickermano9@irs.gov,Female,,Jianguo
875,Lucio,Tregent,ltregentoa@cbc.ca,Male,,Sepekov
876,Fae,McKinnon,fmckinnonob@uiuc.edu,Non-binary,,Bonthe
877,Saree,Dilloway,sdillowayoc@usatoday.com,Female,,Yinjiang
878,Kassie,Portinari,kportinariod@amazon.co.jp,Female,,Massakory
879,Bronny,Derr,bderroe@biblegateway.com,Male,,Condado
880,Lucien,Begin,lbeginof@nasa.gov,Male,,Entre Rios
881,Lind,Alleyne,lalleyneog@mashable.com,Male,,Irákleia
882,Prudi,Cornick,pcornickoh@wiley.com,Female,,Miðvágur
883,Taylor,Rizzotto,trizzottooi@pinterest.com,Male,,Zawichost
884,Kirby,Laugier,klaugieroj@smh.com.au,Male,,Lixiqiao
885,Tybi,Belliveau,tbelliveauok@google.ru,Female,,Wenping
886,Jacquelyn,Jerman,jjermanol@harvard.edu,Female,Region Hovedstaden,København
887,Myca,Tunbridge,mtunbridgeom@sciencedirect.com,Male,,Malko Tŭrnovo
888,Nolana,Crapper,ncrapperon@arstechnica.com,Female,,Sangar Sarāy
889,Brianna,Amyes,bamyesoo@cyberchimps.com,Female,,Siemiątkowo
890,Tillie,McVicar,tmcvicarop@wunderground.com,Female,,Żernica
891,Nikolai,Fetteplace,nfetteplaceoq@virginia.edu,Male,,Dapitan
892,Elden,Scandwright,escandwrightor@prlog.org,Male,,Działoszyce
893,Francisco,Stirtle,fstirtleos@newyorker.com,Male,,Pompéu
894,Sullivan,Bronot,sbronotot@timesonline.co.uk,Bigender,Sabah,Kota Kinabalu
895,Way,Wanklin,wwanklinou@4shared.com,Male,,Zākhū
896,Kelley,Niblock,kniblockov@nature.com,Agender,,Lantian
897,Jilleen,Braghini,jbraghiniow@mozilla.org,Female,,Dashi
898,Raimund,Rentilll,rrentilllox@icq.com,Male,,Kolonnawa
899,Addy,Beevers,abeeversoy@usa.gov,Male,,Hošťka
900,Sancho,Durning,sdurningoz@edublogs.org,Genderfluid,Santarém,Cova da Iria
901,Bondie,Chartman,bchartmanp0@disqus.com,Male,,Gucheng
902,Isaac,Pudner,ipudnerp1@studiopress.com,Male,,Rawuk
903,Vere,Polack,vpolackp2@sciencedaily.com,Female,,Huangsha
904,Beryl,Burrows,bburrowsp3@phoca.cz,Female,,Pérama
905,Prinz,Mantrup,pmantrupp4@oaic.gov.au,Male,,Angol
906,Abby,Baress,abaressp5@twitter.com,Female,,Ždánice
907,Cate,O'Halligan,cohalliganp6@dell.com,Female,,Londiani
908,Fawne,Binning,fbinningp7@vkontakte.ru,Female,,Maracaibo
909,Walliw,Sorrie,wsorriep8@behance.net,Female,,Renhe
910,Agretha,Pellitt,apellittp9@ted.com,Female,,Três Corações
911,Whitney,Bissiker,wbissikerpa@gizmodo.com,Female,,Banjarkemuning
912,Dene,Goor,dgoorpb@discovery.com,Male,North Carolina,Durham
913,Bennie,Vevers,bveverspc@army.mil,Polygender,Oslo,Oslo
914,Barbra,Bavester,bbavesterpd@ow.ly,Female,,Shunde
915,Matt,Hullins,mhullinspe@blinklist.com,Male,,San Rafael Oriente
916,Dillie,Elt,deltpf@w3.org,Male,,Pakel
917,Marve,Lacasa,mlacasapg@ftc.gov,Male,,Doko
918,Gonzalo,Banes,gbanesph@so-net.ne.jp,Male,,Pulopaya
919,Callean,Swash,cswashpi@mail.ru,Male,,Ardino
920,Claudell,Fabbro,cfabbropj@cdbaby.com,Male,,Konde
921,Isiahi,Reuble,ireublepk@delicious.com,Male,,La Huaca
922,Hallsy,Bernli,hbernlipl@cafepress.com,Male,,Wentai
923,Bat,Baumann,bbaumannpm@aol.com,Male,,Non Sung
924,Nikaniki,Sjollema,nsjollemapn@upenn.edu,Agender,,Huangbei
925,Marcus,Angus,manguspo@indiegogo.com,Male,,Vřesina
926,Carney,Gairdner,cgairdnerpp@theglobeandmail.com,Male,,Doumé
927,Charles,Hagyard,chagyardpq@diigo.com,Male,Sabah,Kota Kinabalu
928,Stesha,Ollerenshaw,sollerenshawpr@themeforest.net,Female,,Hirakata
929,Dee dee,Bellany,dbellanyps@themeforest.net,Female,,Ayia Napa
930,Daren,Odd,doddpt@usda.gov,Male,,George Town
931,Tybi,Bruhn,tbruhnpu@posterous.com,Female,,Maco
932,Gabrielle,Talton,gtaltonpv@princeton.edu,Female,,Dingbao
933,Darn,Cadding,dcaddingpw@youku.com,Male,Alabama,Anniston
934,Chuck,Grigore,cgrigorepx@wp.com,Male,,Dandu
935,Ricca,Lockhart,rlockhartpy@mapy.cz,Female,,Nguru
936,Susanetta,Melwall,smelwallpz@cpanel.net,Female,,Falāvarjān
937,Sauncho,Ducket,sducketq0@live.com,Genderfluid,,Tsubame
938,Erroll,Tremayle,etremayleq1@hatena.ne.jp,Male,Rhône-Alpes,Roanne
939,Durward,Ebbage,debbageq2@guardian.co.uk,Male,,Jahrom
940,Merralee,Iacovo,miacovoq3@ucsd.edu,Female,,Buliok
941,Ola,Dummer,odummerq4@123-reg.co.uk,Female,,Lishan
942,Adela,Dreus,adreusq5@technorati.com,Female,,Lumphăt
943,Keene,Dallander,kdallanderq6@google.co.jp,Male,,Zhongyuan
944,Ebeneser,Layzell,elayzellq7@dagondesign.com,Male,,Pilang
945,Raddy,Dahlborg,rdahlborgq8@upenn.edu,Male,,Yangba
946,Lloyd,McKeveney,lmckeveneyq9@cyberchimps.com,Male,,Tigpalay
947,Dionne,Grabham,dgrabhamqa@printfriendly.com,Female,,Hwawŏn
948,Dru,Blainey,dblaineyqb@altervista.org,Male,,Caoyan
949,Justin,Raffon,jraffonqc@shinystat.com,Male,,Puwa
950,Henderson,Bools,hboolsqd@japanpost.jp,Male,,Lubei
951,Britt,Millam,bmillamqe@nature.com,Female,,Sedlčany
952,Valentin,Gilluley,vgilluleyqf@washington.edu,Male,,Dabu
953,Tally,Feldfisher,tfeldfisherqg@youtu.be,Female,,Komyshany
954,Netta,Rein,nreinqh@webnode.com,Female,,Xing’an
955,Minna,Caldero,mcalderoqi@skype.com,Female,,Nong Hi
956,Sigfried,Alster,salsterqj@wikia.com,Male,,Gornyye Klyuchi
957,Kerri,Reignould,kreignouldqk@furl.net,Female,,Sarykemer
958,Carlina,Orans,coransql@constantcontact.com,Female,,Gampola
959,Dot,Flatt,dflattqm@quantcast.com,Female,,Changping
960,Rafa,Postgate,rpostgateqn@timesonline.co.uk,Female,,Siteía
961,Gualterio,Kurton,gkurtonqo@japanpost.jp,Male,,Kambia
962,Lorie,Pohlak,lpohlakqp@example.com,Female,,Villa Nueva
963,Kirsten,Takle,ktakleqq@lulu.com,Genderfluid,Kedah,Alor Setar
964,Haze,Cunniff,hcunniffqr@sun.com,Polygender,,Sélibabi
965,Sigrid,Boatwright,sboatwrightqs@imageshack.us,Female,Bretagne,Saint-Brieuc
966,Reginald,Calbaithe,rcalbaitheqt@google.co.jp,Male,,San Pedro
967,Smitty,Le Hucquet,slehucquetqu@cbsnews.com,Male,Québec,Sainte-Adèle
968,Dorian,Rymell,drymellqv@tuttocitta.it,Female,,Buliu
969,Wandie,Cozens,wcozensqw@twitpic.com,Female,,Marcos Juárez
970,Trina,Bolf,tbolfqx@arstechnica.com,Female,Skåne,Trelleborg
971,Ardyce,Wallsam,awallsamqy@friendfeed.com,Female,,Tocoa
972,Osbourn,Janusz,ojanuszqz@usatoday.com,Male,,Dayushu
973,Billye,Vearncombe,bvearncomber0@lulu.com,Female,,Buenavista
974,Karylin,Reen,kreenr1@stanford.edu,Female,,Bobrowice
975,Boony,Bertl,bbertlr2@google.com.hk,Male,Picardie,Creil
976,Randie,Bontoft,rbontoftr3@zdnet.com,Male,,Laoqiao
977,Dory,Hallut,dhallutr4@indiatimes.com,Female,,Sudimoro
978,Leupold,McLleese,lmclleeser5@netlog.com,Agender,Aust-Agder,Arendal
979,Granville,Tansly,gtanslyr6@upenn.edu,Male,,Jiufang
980,Olivette,Lewty,olewtyr7@telegraph.co.uk,Female,,Lianpeng
981,Hagen,Carbett,hcarbettr8@ezinearticles.com,Male,Oklahoma,Oklahoma City
982,Marie-ann,Tomsa,mtomsar9@myspace.com,Female,,Medaya
983,Jody,Fearns,jfearnsra@cloudflare.com,Female,,Al Bayḑā’
984,Elden,Bremen,ebremenrb@soup.io,Male,,Aqtoghay
985,Trstram,McCombe,tmccomberc@unblog.fr,Polygender,,General Manuel J. Campos
986,Hermine,Clemmen,hclemmenrd@dailymotion.com,Female,,Asino
987,Lukas,Savine,lsavinere@altervista.org,Male,,Gubskaya
988,Libby,Tatlock,ltatlockrf@vistaprint.com,Female,,Souran
989,Maudie,Shawcross,mshawcrossrg@gravatar.com,Female,,Zaliznychne
990,Jamaal,Liveley,jliveleyrh@state.gov,Male,,Baizhu
991,Haze,Van Baaren,hvanbaarenri@google.pl,Male,,Kohāt
992,Gavra,Youster,gyousterrj@europa.eu,Bigender,,Lyubinskiy
993,Miran,Milverton,mmilvertonrk@webeden.co.uk,Female,,Huangyang
994,Bryon,Faier,bfaierrl@constantcontact.com,Male,,Rivera
995,Dot,Cozens,dcozensrm@quantcast.com,Female,,Pacajus
996,Hobey,Gaskarth,hgaskarthrn@yelp.com,Male,,Floreşti
997,Sioux,Cadney,scadneyro@studiopress.com,Female,,Gambaru
998,Joya,Blackster,jblacksterrp@theatlantic.com,Female,,Darungan
999,Ransom,Belson,rbelsonrq@bloglovin.com,Male,,Baixi
1000,Base,Pitkeathley,bpitkeathleyrr@cbc.ca,Male,,Villa Bisonó
